Rack,Unique.ID ,germ.y.n ,height.cm ,hypocotyl. length.cm ,long.leaf. cm ,cryo.box ,cryo.pos ,DNA.y.n ,Notes ,
2,3000,N ,,,,1,A1 ,,,
2,3001,N ,,,,1,A2 ,,,
2,3002,Y ,0.9,0.7,0.7,1,A3 ,Y ,,
2,3003,N ,,,,1,A4 ,,,
2,3004,Y ,0.9,0.4,0.8,1,A5 ,Y ,,
2,3005,N ,,,,1,A6 ,,,
2,3006,N ,,,,1,A7 ,,,
2,3007,N ,,,,1,A8 ,,,
2,3008,N ,,,,1,A9 ,,,
2,3009,N ,,,,1,A10 ,,,
2,3010,N ,,,,1,B1 ,,,
2,3011,N ,,,,1,B2 ,,,
2,3012,Y ,1.2,1.1,1.8,1,B3 ,Y ,,
2,3013,N ,,,,1,B4 ,,,
2,3014,N ,,,,1,B5 ,,,
2,3015,N ,,,,1,B6 ,,,
2,3016,N ,,,,1,B7 ,,,
2,3017,N ,,,,1,B8 ,,,
2,3018,N ,,,,1,B9 ,,,
2,3019,N ,,,,1,B10 ,,,
2,3020,N ,,,,1,C1 ,,,
2,3021,N ,,,,1,C2 ,,,
2,3022,Y ,1.3,1,0.4,1,C3 ,Y ,,
2,3023,Y ,1.7,0.1,0.6,1,C4 ,Y ,,
2,3024,Y ,0.8,0.3,1.1,1,C5 ,Y ,,
2,3025,N ,,,,1,C6 ,,,
2,3026,N ,,,,1,C7 ,,,
2,3027,N ,,,,1,C8 ,,,
2,3028,N ,,,,1,C9 ,,,
2,3029,Y ,0.7,0.3,0.6,1,C10 ,Y ,,
2,3030,N ,,,,1,D1 ,,,
2,3031,Y ,1,0.4,0.9,1,D2 ,Y ,,
2,3032,N ,,,,1,D3 ,,,
2,3033,Y ,0.6,0.1,0.9,1,D4 ,Y ,,
2,3034,Y ,0.6,0.2,0.9,1,D5 ,Y ,,
2,3035,Y ,1.5,0.9,0.7,1,D6 ,Y ,,
2,3036,Y ,0.4,0.1,0.4,1,D7 ,N,too small ,
2,3037,N ,,,,1,D8 ,,,
2,3038,Y ,NA ,NA ,NA ,1,D9 ,NA ,no plant,
2,3039,Y ,0.9,0.1,1.5,1,D10 ,Y ,,
2,3040,Y ,0.9,0.2,1.4,1,E1 ,Y ,,
2,3041,N ,,,,1,E2 ,,,
2,3042,N ,,,,1,E3 ,,,
2,3043,N ,,,,1,E4 ,,,
2,3044,N ,,,,1,E5 ,,,
2,3045,Y ,1.3,0.7,1.1,1,E6 ,Y ,,
2,3046,Y ,2.4,1.2,1.2,1,E7 ,Y ,,
2,3047,N ,,,,1,E8 ,,,
2,3048,N ,,,,1,E9 ,,,
2,3049,N ,,,,1,E10 ,,,
2,3050,Y ,2.2,1.2,1.3,1,F1 ,Y ,,
2,3051,N ,,,,1,F2 ,,,
2,3052,N ,,,,1,F3 ,,,
2,3053,N ,,,,1,F4 ,,,
2,3054,N ,,,,1,F5 ,,,
2,3055,N ,,,,1,F6 ,,,
2,3056,N ,,,,1,F7 ,,,
2,3057,N ,,,,1,F8 ,,,
2,3058,N ,,,,1,F9 ,,,
2,3059,N ,,,,1,F10 ,,,
2,3060,N ,,,,1,G1 ,,,
2,3061,Y ,1.7,1.3,1,1,G2 ,Y ,,
2,3062,N ,,,,1,G3 ,,,
2,3063,N ,,,,1,G4 ,,,
2,3064,N ,,,,1,G5 ,,,
2,3065,N ,,,,1,G6 ,,,
2,3066,N ,,,,1,G7 ,,,
2,3067,N ,,,,1,G8 ,,,
2,3068,N ,,,,1,G9 ,,,
2,3069,Y ,1.4,0.9,0.8,1,G10 ,Y ,,
2,3070,N ,,,,1,H1 ,,,
2,3071,N ,,,,1,H2 ,,,
2,3072,N ,,,,1,H3 ,,,
2,3073,N ,,,,1,H4 ,,,
2,3074,N ,,,,1,H5 ,,,
2,3075,N ,,,,1,H6 ,,,
2,3076,N ,,,,1,H7 ,,,
2,3077,N ,,,,1,H8,,,
2,3078,N ,,,,1,H9 ,,,
2,3079,Y ,2.3,1.4,0.8,1,H10 ,Y ,,
2,3080,N ,,,,1,I1,,,
2,3081,N ,,,,1,I2,,,
2,3082,N ,,,,1,I3,,,
2,3083,N ,,,,1,I4,,,
2,3084,N ,,,,1,I5,,,
2,3085,N ,,,,1,I6,,,
2,3086,N ,,,,1,I7,,,
2,3087,N ,,,,1,I8,,,
2,3088,N ,,,,1,I9,,,
2,3089,N ,,,,1,I10 ,,,
2,3090,N ,,,,1,J1 ,,,
2,3091,N ,,,,1,J2 ,,,
2,3092,Y ,1.7,1.5,0.5,1,J3 ,Y ,,
2,3093,N ,,,,1,J4 ,,,
2,3094,N ,,,,1,J5 ,,,
2,3095,Y ,1.3,0.6,1.5,1,J6 ,Y ,,
2,3096,Y ,1,0.4,1.1,1,J7 ,Y ,,
2,3097,N ,,,,1,J8 ,,,
4,3098,N ,,,,1,J9 ,,,
4,3099,N ,,,,1,J10 ,,,
4,3100,Y ,1.3,0.6,0.9,2,A1 ,Y ,,
4,3101,N ,NA ,NA ,NA ,2,A2 ,,,
4,3102,Y ,1.2,0.7,1,2,A3 ,Y ,,
4,3103,Y ,1.3,1,0.8,2,A4 ,Y ,,
4,3104,N ,,,,2,A5 ,N ,,
4,3105,N ,,,,2,A6 ,N ,,
4,3106,N ,,,,2,A7 ,N ,,
4,3107,Y ,2.3,1.3,2.5,2,A8 ,Y ,,
4,3108,Y ,1.1,0.9,1.4,2,A9 ,Y ,,
4,3109,Y ,0.8,0.5,0.9,2,A10 ,Y ,,
4,3110,N ,,,,2,B1 ,N ,,
4,3111,Y ,0.8,0.8,0.6,2,B2 ,N ,Too small ,
4,3112,Y ,1.9,0.7,1.5,2,B3 ,Y ,,
4,3113,N ,,,,2,B4,N ,,
4,3114,N ,,,,2,B5 ,N ,,
4,3115,N ,,,,2,B6 ,N ,,
4,3116,N ,,,,2,B7 ,N ,,
4,3117,Y ,1.9,1.3,1.4,2,B8,Y ,,
4,3118,N ,,,,2,B9 ,N ,,
4,3119,Y ,2,1.2,1.2,2,B10 ,Y ,,
4,3120,N ,,,,2,C1 ,N ,,
4,3121,N ,,,,2,C2 ,N ,,
4,3122,Y ,1.8,1.1,0.7,2,C3 ,Y ,,
4,3123,N ,,,,2,C4 ,N ,,
4,3124,Y ,1.5,0.7,1.2,2,C5 ,Y ,,
4,3125,Y ,0.5,0.3,0.8,2,C6 ,Y ,,
4,3126,Y ,2,1.2,1.3,2,C7 ,Y ,,
4,3127,N ,,,,2,C8 ,N ,,
4,3128,Y ,1.8,1.3,1.1,2,C9 ,Y ,,
4,3129,Y ,1.5,0.8,1.2,2,C10 ,Y ,,
4,3130,N ,,,,2,D1 ,N ,,
4,3131,N ,,,,2,D2 ,N ,,
4,3132,Y ,1.5,0.9,1,2,D3 ,Y ,,
4,3133,N ,,,,2,D4 ,N ,,
4,3134,N ,,,,2,D5 ,N ,,
4,3135,N ,,,,2,D6 ,N ,,
4,3136,N ,,,,2,D7 ,N ,,
4,3137,N ,,,,2,D8 ,N ,,
4,3138,Y ,1.6,1.1,1.2,2,D9 ,Y ,,
4,3139,N ,,,,2,D10 ,N ,,
4,3140,Y ,1.1,0.8,0.4,2,E1 ,Y ,,
4,3141,N ,,,,2,E2 ,N ,,
4,3142,N ,,,,2,E3 ,N ,,
4,3143,Y ,2.1,1.3,0.8,2,E4 ,y ,,
4,3144,Y ,1.8,1.3,0.8,2,E5 ,Y ,,
4,3145,Y ,1.3,0.8,1.2,2,E6 ,y ,,
4,3146,N ,,,,2,E7 ,N ,,
4,3147,N ,,,,2,E8 ,N ,,
4,3148,Y ,1.2,0.7,1.1,2,E9 ,Y ,,
4,3149,Y ,1.3,0.8,1.1,2,E10 ,Y ,,
4,3150,Y ,1.7,1.3,0.9,2,F1 ,Y ,,
4,3151,Y ,2.1,1,1.9,2,F2 ,Y ,,
4,3152,Y ,2.6,1.1,1.9,2,F3 ,Y ,,
4,3153,N ,,,,2,F4 ,N ,,
4,3154,N ,,,,2,F5 ,N ,,
4,3155,N ,,,,2,F6 ,N ,,
4,3156,N ,,,,2,F7 ,N ,,
4,3157,N ,,,,2,F8 ,N ,,
4,3158,N ,,,,2,F9 ,N ,,
4,3159,N ,,,,2,F10 ,N ,,
4,3160,Y ,1.4,0.8,1.3,2,G1 ,Y ,,
4,3161,Y ,2.3,1.5,1.2,2,G2 ,Y ,,
4,3162,N ,,,,2,G3 ,N ,,
4,3163,N ,,,,2,G4 ,N ,,
4,3164,Y ,1.1,0.8,0.9,10,G5 ,Y ,,
4,3165,N ,,,,2,G6 ,N ,,
4,3166,N ,,,,2,G7 ,N ,,
4,3167,N ,,,,2,G8 ,N ,,
4,3168,N ,,,,2,G9 ,N ,,
4,3169,Y ,0.8,0.4,1.1,2,G10 ,Y ,,
4,3170,N ,,,,2,H1 ,N ,,
4,3171,N ,,,,2,H2 ,N ,,
4,3172,N ,,,,2,H3 ,N ,,
4,3173,N ,,,,2,H4 ,N ,,
4,3174,Y ,0.7,0.3,0.7,2,H5,Y ,,
4,3175,N ,,,,2,H6 ,N ,,
4,3176,N ,,,,2,H7 ,N ,,
4,3177,Y ,2,1.3,1.4,2,H8 ,Y ,,
4,3178,Y ,1.3,0.8,0.6,2,H9 ,Y ,,
4,3179,Y ,1.5,1.2,1.1,2,H10 ,Y ,,
4,3180,N ,,,,2,I1,N ,,
4,3181,Y ,2.3,0.8,2.1,2,I2,Y ,,
4,3182,Y ,0.7,0.7,0.3,2,I3,N ,Too small ,
4,3183,N ,,,,2,I4,N ,,
4,3184,Y ,1.3,1.1,0.7,2,I5,Y ,,
4,3185,Y ,1.6,1.3,0.5,2,I6,Y ,,
4,3186,N ,,,,2,I7,N ,,
4,3187,N ,,,,2,I8,N ,,
4,3188,Y ,2.5,1.4,1.3,2,I9,Y ,,
4,3189,N ,,,,2,I10,N ,,
4,3190,Y ,1,0.8,2,2,J1 ,Y ,,
4,3191,N ,,,,2,J2 ,N ,,
4,3192,N ,,,,2,J3 ,N ,,
4,3193,N ,,,,2,J4 ,N ,,
4,3194,N ,,,,2,J5 ,N ,,
4,3195,Y ,0.9,0.9,0.5,2,J6 ,N ,Too small ,
1,3196,Y ,1.5,0.5,0.4,2,J7 ,Y ,,
1,3197,Y ,1.8,1.3,0.3,2,J8 ,Y ,,
1,3198,Y ,0.3,0.1,0.4,2,J9,N ,probably transplanted and buried deep; only 2 leaves ,
1,3199,N ,,,,2,J10 ,,,
1,3200,Y ,1.3,0.7,0.8,3,A1 ,Y ,,
1,3201,N ,,,,3,A2 ,,,
1,3202,Y ,1.6,0.4,0.6,3,A3 ,Y ,,
1,3203,N ,,,,3,A4 ,,,
1,3204,N ,,,,3,A5 ,,,
1,3205,N ,,,,3,A6 ,,,
1,3206,N ,,,,3,A7 ,,,
1,3207,N ,,,,3,A8 ,,,
1,3208,N ,,,,3,A9 ,,,
1,3209,N ,,,,3,A10 ,,,
1,3210,N ,,,,3,B1 ,,,
1,3211,N ,,,,3,B2 ,,,
1,3212,N ,,,,3,B3 ,,,
1,3213,Y ,2.1,0.7,1.5,3,B4 ,Y ,,
1,3214,N ,,,,3,B5 ,,,
1,3215,Y ,1.4,1.1,0.5,3,B6 ,Y ,,
1,3216,Y ,2.4,2,0.4,3,B7 ,Y ,,
1,3217,Y ,1.8,1.1,0.7,3,B8 ,Y ,,
1,3218,Y ,0.8,0.3,0.4,3,B9 ,Y ,,
1,3219,Y ,1,0.7,0.3,3,B10 ,Y ,,
1,3220,Y ,1.2,0.6,0.4,3,C1 ,Y ,,
1,3221,Y ,1.6,1.1,0.5,3,C2 ,Y ,,
1,3222,Y ,1,0.8,0.4,3,C3 ,N ,only 2 leaves both cotyl. ,
1,3223,Y ,0.6,0.5,0.2,3,C4 ,N ,too small ,
1,3224,N ,,,,3,C5 ,,,
1,3225,Y ,1.3,0.9,0.3,3,C6 ,N ,leaves too small ,
1,3226,Y ,2.2,0.7,1.3,3,C7 ,Y ,,
1,3227,Y ,1.7,0.9,0.5,3,C8 ,Y ,,
1,3228,Y ,2.9,1.1,1.3,3,C9 ,Y ,,
1,3229,Y ,3.1,1.4,1.5,3,C10 ,Y ,,
1,3230,Y ,5,1.3,1.7,3,D1 ,Y ,,
1,3231,Y ,0.7,0.4,0.4,3,D2 ,Y ,,
1,3232,Y ,0.8,0.3,1.1,3,D3 ,Y ,,
1,3233,Y ,2.8,1.4,1.1,3,D4 ,Y ,,
1,3234,Y ,0.6,0.2,0.4,3,D5 ,Y ,,
1,3235,Y ,2.5,1,1.3,3,D6 ,Y ,,
1,3236,Y ,2.6,1.2,1.4,3,D7 ,Y ,,
1,3237,Y ,2.1,0.9,0.9,3,D8 ,Y ,,
1,3238,Y ,3.1,1.7,1.2,3,D9 ,Y ,,
1,3239,Y ,1.1,0.3,0.9,3,D10 ,Y ,,
1,3240,N ,,,,3,E1 ,,,
1,3241,Y ,0.8,0.4,0.4,3,E2 ,Y ,VERIFICATION STOPPED HERE,
1,3242,N ,,,,3,E3 ,,,
1,3243,Y ,1.2,0.3,0.8,3,E4,Y ,put in 3253 leaf; removed and put back in tube,
1,3244,N ,,,,3,E5 ,,,
1,3245,N ,,,,3,E6 ,,,
1,3246,Y ,2.2,1.8,1,3,E7 ,Y ,,
1,3247,Y ,1.3,0.7,0.8,3,E8 ,Y ,,
1,3248,Y ,1.2,0.9,0.8,3,E9 ,Y ,,
1,3249,Y ,1,0.6,0.6,3,E10 ,Y ,,
1,3250,N ,,,,3,F1 ,,,
1,3251,Y ,0.4,0.4,0.4,3,F2 ,N ,too small ,
1,3252,Y ,1.4,1.2,0.8,3,F3 ,Y ,2 seedlings; 1 replanted: 3953,
1,3253,Y ,1.4,0.7,1.2,3,F4 ,Y ,,
1,3254,N ,,,,3,F5 ,,,
1,3255,Y ,1,0.2,1,3,F6 ,Y ,,
1,3256,N ,,,,3,F7 ,,,
1,3257,N ,,,,3,F8 ,,,
1,3258,N ,,,,3,F9 ,,,
1,3259,N ,,,,3,F10 ,,,
1,3260,N ,,,,3,G1 ,,,
1,3261,N ,,,,3,G2 ,,,
1,3262,N ,,,,3,G3 ,,,
1,3263,Y ,1.8,1.1,0.7,3,G4 ,Y ,,
1,3264,N ,,,,3,G5 ,,,
1,3265,Y ,1.7,1,1,3,G6 ,Y ,,
1,3266,N ,,,,3,G7 ,,,
1,3267,Y ,1.9,1.3,1,3,G8 ,Y ,,
1,3268,Y ,3,1.1,2.4,3,G9 ,Y ,,
1,3269,Y ,0.5,0.1,0.9,3,G10 ,Y ,2 seedlings; need transplant,
1,3270,Y ,1.6,0.5,1.4,3,H1 ,Y ,,
1,3271,Y ,1.3,0.4,1.2,3,H2 ,Y ,,
1,3272,Y ,1.9,0.7,1.4,3,H3 ,Y ,,
1,3273,N ,,,,3,H4 ,,,
1,3274,Y ,1.9,1.4,0.8,3,H5 ,Y ,,
1,3275,N ,,,,3,H6 ,,,
1,3276,Y ,1.1,0.2,0.9,3,H7 ,Y ,,
1,3277,Y ,1.8,0.9,1,3,H8 ,Y ,,
1,3278,Y ,2.4,1,1.7,3,H9 ,Y ,,
1,3279,Y ,1.5,0.5,1.2,3,H10 ,Y ,,
1,3280,Y ,2.8,1,1.7,3,i1 ,Y ,,
1,3281,Y ,2.2,0.8,1.5,CO ,12,Y ,,
1,3282,N ,,,,3,13,,,
1,3283,Y ,1.1,0.5,1,3,I4 ,Y ,,
1,3284,Y ,1.6,0.5,0.9,3,15,Y ,,
1,3285,Y ,1.4,0.3,1.3,3,I6 ,Y ,,
1,3286,Y ,2,1.7,1.6,3,17,y ,,
1,3287,N ,,,,3,18,,,
1,3288,Y ,0.9,0.4,1,3,I9 ,Y ,,
1,3289,Y ,2.2,0.9,1.2,3,110,Y ,,
1,3290,Y ,1,0.1,1,3,J1 ,Y ,,
1,3291,Y ,2,0.4,1.4,3,J2 ,Y ,,
1,3292,Y ,2.5,1.1,1.3,3,J3 ,Y ,,
1,3293,Y ,1.5,0.5,1,3,J4 ,Y ,,
5,3294,N ,,,,3,J5 ,,,
5,3295,N ,,,,3,J6 ,,,
5,3296,N ,,,,3,J7 ,,,
5,3297,N ,,,,3,J8 ,,,
5,3298,Y ,1,0.9,0.5,3,J9 ,Y ,,
5,3299,Y ,0.9,0.8,0.5,3,J10 ,N ,too small; only 2 leaves,
5,3300,Y ,1.3,0.7,1.5,4,A1 ,Y ,,
5,3301,N ,,,,4,A2 ,N ,,
5,3302,Y ,0.8,0.3,0.8,4,A3 ,y ,,
5,3303,N ,,,,4,A4 ,N ,,
5,3304,Y ,D.8 ,0.4,0.9,4,A5 ,Y ,,
5,3305,Y ,0.3,0.3,0.2,4,A6 ,N ,Too Small ,
5,3306,N ,,,,4,A7 ,N ,,
5,3307,Y ,1.3,0.5,1,4,A8 ,Y ,,
5,3308,N ,,,,4,A9 ,N ,,
5,3309,Y ,1.4,0.5,1.8,4,A10 ,y ,,
5,3310,Y ,0.9,0.8,0.4,4,B1 ,N ,small ,
5,3311,N ,,,,4,B2 ,N ,,
5,3312,Y ,0.6,0.5,0.3,4,B3 ,N ,,
5,3313,N ,,,,4,B4 ,N ,,
5,3314,N ,,,,4,B5 ,N ,,
5,3315,Y ,2,0.9,1.4,4,B6 ,y ,,
5,3316,Y ,1,0.9,0.4,4,B7 ,N ,small ,
5,3317,Y ,2,1,0.9,4,B8 ,y ,,
5,3318,Y ,1.9,1.1,1.2,4,B9 ,Y ,,
5,3319,Y ,2.3,1.2,1.7,4,B10 ,Y ,,
5,3320,N ,,,,4,C1 ,N ,,
5,3321,Y ,0.6,0.6,0.4,4,C2 ,N ,Too small ,
5,3322,Y ,1.4,1.3,0.5,4,C3 ,N ,Too mall ,
5,3323,Y ,0.9,0.8,0.7,4,C4 ,y ,,
5,3324,Y ,1.3,0.8,0.8,4,C5 ,Y ,,
5,3325,N ,,,,4,C6 ,N ,,
5,3326,Y ,.1.9 ,1,1.4,4,C7 ,Y ,,
5,3327,Y ,1,0.2,1.4,4,C8 ,Y ,,
5,3328,N ,,,,4,C9 ,2,,
5,3329,Y ,1.1,0.1,1.3,4,C10 ,Y ,,
5,3330,N ,,,,4,D1 ,N ,,
5,3331,Y ,1.6,1,1,4,D2 ,Y ,,
5,3332,Y ,1,0.9,0.6,4,D3 ,y ,,
5,3333,Y ,1.4,0.1,1.3,4,D4 ,Y ,,
5,3334,Y ,1,0.2,111,4,D5 ,y ,,
5,3335,Y ,0.8,0.6,0.9,4,D6 ,y ,,
5,3336,N ,,,,4,D7 ,N ,,
5,3337,N ,,,,4,D8 ,N ,,
5,3338,Y ,1.5,1.1,0.6,4,D9 ,y ,Need to transplant 2 ,
5,3339,N ,,,,4,D10 ,N ,,
5,3340,Y ,0.7,0.7,0.2,4,E1 ,N ,Too small / Wilting ,
5,3341,N ,,,,4,E2 ,N ,,
5,3342,Y ,2.1,1.1,1.7,4,E3 ,Y ,,
5,3343,Y ,1.1,0.4,1.6,4,E4 ,y ,,
5,3344,Y ,1,0.3,1,4,E5 ,7,,
5,3345,N ,,,,4,E6 ,N ,,
5,3346,N ,,,,4,E7 ,N ,,
5,3347,Y ,0.9,0.8,0.4,4,E8 ,N ,,
5,3348,Y ,1.4,0.4,1.2,4,E9 ,Y ,,
5,3349,Y ,0.1,0.1,0.2,4,E10 ,N ,Toosmall ,
5,3350,N ,,,,4,F1 ,N ,,
5,3351,N ,,,,4,F2 ,N ,,
5,3352,Y ,1.6,1.3,0.6,4,F3 ,Y ,,
5,3353,N ,,,,4,F4 ,N ,,
5,3354,Y ,2.3,1.1,1.4,4,F5 ,Y ,,
5,3355,Y ,2.3,1.1,1.5,4,F6 ,Y ,,
5,3356,N ,,,,4,F7 ,N ,,
5,3357,Y ,2.1,1,1,4,F8 ,y ,,
5,3358,N ,,,,4,F9 ,N ,,
5,3359,N ,,,,4,F10 ,N ,,
5,3360,N ,,,,4,G1 ,N ,,
5,3361,N ,,,,4,G2 ,N ,,
5,3362,N ,,,,4,G3 ,N ,,
5,3363,Y ,1,0.9,0.5,4,G4 ,Y ,,
5,3364,N ,,,,4,G5 ,N ,,
5,3365,Y ,0.5,0.5,3,4,G6 ,N ,Too small ,
5,3366,N ,,,,4,G7 ,N ,,
5,3367,N ,,,,4,G8 ,N ,,
5,3368,N ,,,,4,G9 ,N ,,
5,3369,N ,,,,4,G10 ,N ,,
5,3370,Y ,1,0.5,0.8,4,H1 ,y ,,
5,3371,N ,,,,4,H2 ,N ,,
5,3372,Y ,1,0.7,0.5,4,H3 ,N ,Too small ,
5,3373,Y ,2.3,1.1,1.3,4,H4 ,Y ,,
5,3374,Y ,3.3,1.4,1.7,4,H5 ,y ,,
5,3375,Y ,1,0.8,0.4,4,H6 ,N ,Too smill ,
5,3376,Y ,0.6,0.5,0.3,4,H7 ,N ,Too smill ,
5,3377,Y ,1,0.4,1.4,4,H8 ,Y ,,
5,3378,N ,,,,4,H9 ,N ,,
5,3379,Y ,2.8,0.9,1.5,4,H10 ,y ,,
5,3380,Y ,1.7,0.7,1.6,4,I1 ,Y ,1 seedling to transplant,
5,3381,N ,,,,4,12,N ,,
5,3382,N ,,,,4,13,,,
5,3383,N ,,,,4,14,,,
5,3384,N ,,,,4,15,,,
5,3385,N ,,,,4,16,,,
5,3386,Y ,3.2,2,1.5,4,17,,,
5,3387,N ,,,,4,18,,,
5,3388,N ,,,,4,19,,,
5,3389,Y ,3.4,2.3,1.3,4,I10 ,,,
5,3390,N ,,,,4,J1 ,,,
5,3391,Y ,0.6,0.6,0.5,4,J2 ,N ,Too smell ,
3,3392,Y ,1.3,1,0.6,4,J3 ,Y ,,
3,3393,Y ,1.3,0.9,0.6,4,J4 ,Y ,,
3,3394,N ,,,,4,J5 ,N ,,
3,3395,N ,,,,4,J6 ,N ,,
3,3396,Y ,1.2,1,0.7,4,J7 ,Y ,1 seedling to transplant,
3,3397,Y ,1,0.5,0.8,4,J8 ,Y ,,
3,3398,N ,,,,4,J9 ,,,
3,3399,Y ,0.7,0.3,1.1,4,J10 ,Y ,,
3,3400,N ,,,,5,A1 ,N ,,
3,3401,N ,,,,5,A2 ,N ,,
3,3402,N ,,,,5,A3 ,N ,,
3,3403,Y ,0.5,0.5,0.5,5,A4 ,N ,Too small ,
3,3404,N ,,,,5,A5 ,N ,,
3,3405,Y ,1.6,0.8,0.8,5,A6 ,Y ,,
3,3406,Y ,1,0.3,0.7,5,A7 ,Y ,,
3,3407,Y ,1.6,1.3,0.5,5,A8 ,Y ,,
3,3408,N ,,,,5,A9 ,N ,,
3,3409,Y ,2.5,0.6,2,5,A10 ,,,
3,3410,Y ,0.6,0.6,0.5,5,B1 ,Y ,,
3,3411,Y ,0.8,0.5,0.6,5,B2 ,Y ,,
3,3412,Y ,1,0.5,0.5,5,B3 ,Y ,,
3,3413,Y ,1.3,0.6,0.6,5,B4 ,Y ,,
3,3414,Y ,2,1.1,1.3,5,B5 ,Y ,,
3,3415,Y ,1,1,0.3,5,B6 ,N ,Too small ,
3,3416,Y ,1,0.5,0.7,5,B7 ,Y ,,
3,3417,Y ,0.5,0.3,0.8,5,B8 ,Y ,,
3,3418,Y ,1.7,0.7,1.1,5,B9 ,Y ,,
3,3419,Y ,0.9,0.9,0.3,5,B10 ,N ,Too small ,
3,3420,Y ,0.6,0.3,0.4,5,C1 ,N ,Too smill ,
3,3421,N ,,,,5,C2 ,N ,,
3,3422,N ,,,,5,C3 ,N ,,
3,3423,Y ,1,0.7,0.5,5,C4 ,N ,Too smill ,
3,3424,Y ,0.6,0.3,0.5,5,C5 ,Y ,,
3,3425,Y ,1.3,0.5,0.9,5,C6 ,Y ,,
3,3426,Y ,1.3,0.5,1.1,5,C7 ,Y ,,
3,3427,Y ,1.6,0.6,1.4,5,C8 ,Y ,,
3,3428,Y ,1.6,0.5,1.8,5,C9 ,Y ,,
3,3429,N ,,,,5,C10 ,N ,,
3,3430,Y ,1.3,0.5,1,5,D1 ,Y ,,
3,3431,N ,,,,5,D2 ,N ,,
3,3432,N ,,,,5,D3 ,N ,,
3,3433,N ,,,,5,D4 ,2,,
3,3434,Y ,1,0.7,0.8,5,D5 ,Y ,,
3,3435,Y ,0.6,0.1,0.9,5,D6 ,Y ,,
3,3436,Y ,1.1,0.5,1.3,5,D7 ,Y ,,
3,3437,Y ,1.4,0.7,1.1,5,D8 ,Y ,,
3,3438,Y ,0.7,0.2,1.5,5,D9 ,Y ,,
3,3439,Y ,1.1,0.4,10,5,D10 ,N ,,
3,3440,Y ,0.9,0.4,1.3,5,E1 ,Y ,,
3,3441,N ,,,,5,E2 ,N ,,
3,3442,Y ,0.7,0.1,1.5,5,E3 ,Y ,,
3,3443,N ,,,,5,E4 ,N ,,
3,3444,Y ,1.3,0.3,2,5,E5 ,Y ,,
3,3445,Y ,0.8,0.3,1.3,5,E6 ,Y ,,
3,3446,Y ,1.4,0.5,1.6,5,E7 ,Y ,,
3,3447,Y ,0.9,0.3,1.3,5,E8 ,Y ,,
3,3448,Y ,1.3,0.8,1.5,5,E9 ,Y ,,
3,3449,Y ,0.5,0.5,0.4,5,E10 ,N ,Too small ,
3,3450,N ,,,,5,F1 ,N ,,
3,3451,Y ,1.5,0.6,1.5,5,F2 ,7,,
3,3452,Y ,1.1,0.3,1.5,5,F3 ,Y ,,
3,3453,Y ,0.8,0.3,0.6,5,F4 ,Y ,,
3,3454,Y ,1.1,0.3,1.6,5,F5 ,Y ,,
3,3455,Y ,1.1,0.7,1.1,5,F6 ,Y ,,
3,3456,N ,,,,5,F7 ,N ,,
3,3457,Y ,1.3,0.3,1.9,5,F8 ,Y ,,
3,3458,Y ,0.7,0.2,0.9,5,F9 ,Y ,,
3,3459,Y ,0.3,0.3,0.4,5,F10 ,N ,Too small ,
3,3460,Y ,1.8,0.8,1.2,5,G1 ,Y ,,
3,3461,Y ,1.2,0.5,0.9,5,G2 ,Y ,,
3,3462,Y ,1.4,0,6,1.5,5,G3 ,Y ,
3,3463,Y ,1.1,0.4,0.9,5,G4 ,Y ,,
3,3464,Y ,0.6,0.6,0.5,5,G5 ,N ,Too small ,
3,3465,N ,,,,5,G6 ,N ,,
3,3466,Y ,1.1,0.4,1.3,5,G7 ,Y ,,
3,3467,Y ,1.3,0.5,1.1,5,G8 ,Y ,,
3,3468,Y ,1,o.u ,1.4,5,G9 ,Y ,,
3,3469,Y ,1.3,0.6,1.7,5,G10 ,Y ,,
3,3470,N ,,,,5,H1 ,N ,,
3,3471,N ,,,,5,H2 ,N ,,
3,3472,N ,,,,5,H3 ,N ,,
3,3473,Y ,1.4,0.4,1.3,5,H4 ,Y ,,
3,3474,Y ,1.1,0.7,0.7,5,H5 ,Y ,,
3,3475,N ,,,,5,H6 ,N ,,
3,3476,N ,,,,5,H7 ,,,
3,3477,Y ,17,0.4,1.3,5,H8 ,Y ,,
3,3478,Y ,0.4,0.4,0.2,5,H9 ,N ,Too small ,
3,3479,N ,,,,5,H10 ,V ,,
3,3480,Y ,1,0.6,1,5,11,Y ,,
3,3481,N ,,,,5,12,,,
3,3482,N ,,,,5,I3 ,,,
3,3483,N ,,,,5,I4 ,,,
3,3484,N ,,,,5,15,,,
3,3485,N ,,,,5,16,,,
3,3486,N ,,,,5,17,,,
3,3487,N ,,,,5,18,,,
3,3488,N ,,,,5,I9 ,,,
3,3489,Y ,0.7,0.7,0.9,5,110,N ,for small ,
6,3490,Y ,,,,5,J1 ,N ,died ,
6,3491,Y ,0.6,0.3,0-6 ,5,J2 ,Y ,,
6,3492,Y ,0.8,0.5,D.U ,5,J3 ,N ,too small ,
6,3493,Y ,0-6 ,0.3,0.5,5,J4 ,N ,two Smoll ,
6,3494,N ,,,,5,J5 ,,,
6,3495,N ,,,,5,J6 ,,,
6,3496,N ,,,,5,J7 ,,,
6,3497,N ,,,,5,J8 ,,,
6,3498,N ,,,,5,J9 ,,,
6,3499,Y ,0.6,0.3,0.8,5,J10 ,Y ,,
6,3500,N ,,,,6,A1 ,,,
6,3501,N ,,,,6,A2 ,,,
6,3502,N ,,,,6,A3 ,,,
6,3503,N ,,,,6,A4 ,,,
6,3504,N ,,,,6,A5 ,,,
6,3505,N ,,,,6,A6 ,,,
6,3506,N ,,,,6,A7 ,,,
6,3507,N ,,,,6,A8 ,,,
8,3508,Y ,2,1,1,6,A9 ,Y ,,
8,3509,Y ,1,7,0.5,1.2,6,A10 ,y ,
8,3510,N ,,,,6,B1 ,,,
8,3511,N ,,,,6,B2 ,,,
8,3512,Y ,0.9,0.4,1.2,6,B3 ,Y ,,
8,3513,Y ,0.5,2,0.4,6,B4 ,N ,Too mall ,
8,3514,*N ,,,,6,B5 ,,No plants ,
8,3515,Y ,1.1,0.6,1.1,6,B6 ,y ,,
8,3516,Y ,1.4,0.3,1.7,6,B7 ,Y ,Fell on table before in tube ,
8,3517,Y ,1.1,0.7,0.6,6,B8 ,Y ,,
8,3518,N ,,,,6,B9 ,,,
8,3519,Y ,0.9,0.4,0.7,6,B10 ,Y ,,
8,3520,N ,,,,6,C1 ,,,
8,3521,N ,,,,6,C2 ,,,
8,3522,Y ,1,0,6,1.2,6,C3 ,Y ,
8,3523,N ,,,,6,C4 ,,,
8,3524,N ,,,,6,C5 ,,,
8,3525,N ,,,,6,C6 ,,,
8,3526,Y ,0.9,0.5,0,8,6,C7 ,Y ,
8,3527,Y ,0.7,0.4,0.8,6,C8 ,Y ,,
8,3528,Y ,0.7,0.2,1.5,6,C9 ,Y ,,
8,3529,N ,,,,6,C10 ,,,
8,3530,N ,,,,6,D1 ,,,
8,3531,Y ,0.7,0.2,1.3,6,D2 ,Y ,,
8,3532,N ,,,,6,D3 ,,,
8,3533,Y ,0.8,0.3,1.2,6,D4 ,Y ,,
8,3534,Y ,0.3,0.1,0.4,6,D5 ,N ,Too S mall ,
8,3535,Y ,1.4,0.9,0.5,6,D6 ,N ,Tod small ,
8,3536,Y ,2.7,0,8,1.9,6,D7 ,y ,
8,3537,N ,,,,6,D8 ,,,
8,3538,N ,,,,6,D9 ,,,
8,3539,N ,,,,6,D10 ,,,
8,3540,N ,,,,6,E1 ,,,
8,3541,N ,,,,6,E2 ,,,
8,3542,N ,,,,6,E3 ,,,
8,3543,N ,,,,6,E4 ,,,
8,3544,Y ,1.6,0.9,1.5,6,E5,Y ,,
8,3545,N ,,,,6,E6 ,,,
8,3546,N ,,,,6,E7 ,,,
8,3547,N ,,,,6,E8 ,,,
8,3548,N ,,,,6,E9 ,,,
8,3549,N ,,,,6,E10 ,,,
8,3550,N ,,,,6,F1 ,,,
8,3551,Y ,1.2,1.1,0.6,6,F2 ,N ,Too small ,
8,3552,Y ,8,0.6,0.7,6,F3 ,Y ,,
8,3553,N ,,,,6,F4 ,,,
8,3554,Y ,0.4,0.2,0.6,6,F5 ,N ,Too small ,
8,3555,N ,,,,6,F6 ,,,
8,3556,N ,,,,6,F7 ,,,
8,3557,N ,,,,6,F8 ,,,
8,3558,Y ,1,0.8,0.5,6,F9 ,N ,Too Small ,
8,3559,Y ,0.9,0.4,0.5,6,F10 ,Y ,,
8,3560,N ,,,,6,G1 ,,,
8,3561,N ,,,,6,G2 ,,,
8,3562,Y ,1.1,0.7,0.7,6,G3 ,Y ,,
8,3563,Y ,0.6,0,6,0.6,6,G4 ,N ,Too small 
8,3564,Y ,1.1,1.1,0.5,S ,G5 ,N ,Too small ,
8,3565,N ,,,,6,G6 ,,,
8,3566,N ,,,,6,G7 ,,,
8,3567,N ,,,,6,G8 ,,,
8,3568,Y ,1.6,0.6,12,a) ,G9 ,y ,,
8,3569,N ,,,,6,G10 ,,,
8,3570,Y ,1.5,0.6,1.3,5,H1 ,y ,,
8,3571,N ,,,,6,H2 ,,,
8,3572,Y ,O.Y ,0,4,0.6,6,H3 ,y ,
8,3573,N ,,,,6,H4 ,,,
8,3574,N ,,,,6,H5 ,,,
8,3575,Y ,0.9,0.8,0,5,6,H6 ,N ,Too small 
8,3576,Y ,1.2,1.2,0.4,6,H7 ,N ,,
8,3577,Y ,1,o.y ,0.8,S ,H8 ,Y ,,
8,3578,N ,,,,6,H9 ,,,
8,3579,N ,,,,6,H10 ,,,
8,3580,N ,,,,6,:1 ,,,
8,3581,N ,,,,6,I2 ,,,
8,3582,N ,,,,6,13,,,
8,3583,N ,,,,6,I4 ,,,
8,3584,Y ,1,0.8,0.6,6,15,Y ,,
8,3585,N ,,,,6,16,,,
8,3586,Y ,1,1,1,0.4,6,17,N ,
8,3587,N ,,,,6,18,,,
8,3588,N ,,,,6,19,,,
8,3589,Y ,0.6,0.4,0.8,6,110,Y ,,
8,3590,N ,,,,6,J1 ,,,
8,3591,N ,,,,6,J2 ,,,
7,3592,N ,,,,6,J3 ,,,
7,3593,Y ,3.4,2,3,1.7,6,J4 ,Y ,
7,3594,N ,,,,6,J5 ,,,
7,3595,N ,,,,6,J6 ,,,
7,3596,N ,,,,6,J7 ,,,
7,3597,Y ,2,9,2,1.8,6,J8 ,Y ,
7,3598,Y ,5.9,2.1,2.3,6,J9 ,Y ,,
7,3599,N ,,,,6,J10 ,,,
7,3600,Y ,43,1.4,2,7,A1 ,X y ,,
7,3601,N ,,,,7,A2 ,,,
7,3602,N ,,,,7,A3 ,,,
7,3603,N ,,,,7,A4 ,,,
7,3604,N ,,,,7,A5 ,,,
7,3605,N ,,,,7,A6 ,,,
7,3606,N ,,,,7,A7 ,,,
7,3607,N ,,,,7,A8 ,,,
7,3608,Y ,4.1,1.8,2.1,7,A9 ,X Y ,,
7,3609,Y ,3.9,2,1.9,7,A10 ,X Y ,,
7,3610,N ,,,,7,B1 ,,,
7,3611,N ,,,,7,B2 ,,,
7,3612,Y ,4.9,1.9,2,7,B3 ,X Y ,,
7,3613,N ,,,,7,B4 ,,,
7,3614,Y ,55,2.1,1.5,7,B5 ,X y ,,
7,3615,N ,,,,7,B6 ,,,
7,3616,Y ,2.7,1.9,1.8,7,B7 ,X Y ,,
7,3617,N ,,,,7,B8 ,,,
7,3618,N ,,,,7,B9 ,,,
7,3619,Y ,54,2.2,2.2,7,B10 ,Y ,Fell on table before in tube ,
7,3620,N ,,,,7,C1 ,,,
7,3621,N ,,,,7,C2 ,,,
7,3622,Y ,3.1,0.8,2.1,7,C3 ,X Y ,,
7,3623,Y ,2,9,1.4,1.5,7,C4 ,X Y ,
7,3624,Y ,6,7,2.6,2.1,7,C5 ,y ,
7,3625,N ,,,,7,C6 ,,,
7,3626,N ,,,,7,C7 ,,,
7,3627,N ,,,,7,C8 ,,,
7,3628,N ,,,,7,C9 ,,,
7,3629,Y ,4.4,2.1,2.2,7,C10 ,X Y ,,
7,3630,Y ,6.7,3,2.1,7,D1 ,,,
7,3631,N ,,,,7,D2 ,,,
7,3632,Y ,6.5,4,1.9,7,D3 ,y ,Fell on table ,
7,3633,Y ,6.8,4,1.6,7,D4 ,Y ,,
7,3634,N ,,,,7,D5 ,,,
7,3635,Y ,25,1.5,1.2,7,D6 ,y ,,
7,3636,N ,,,,7,D7 ,,,
7,3637,Y ,4.9,2.4,2.1,7,D8 ,Y ,,
7,3638,Y ,4.8,2,3,1.7,7,D9 ,Y ,Fell on table 
7,3639,N ,,,,7,D10 ,,,
7,3640,Y ,3,2.1,1.4,7,E1 ,Y ,,
7,3641,N ,,,,7,E2 ,,,
7,3642,N ,,,,7,E3 ,,,
7,3643,Y ,2.5,1.3,1.3,7,E4 ,X Y ,,
7,3644,Y ,3.8,2,1.7,7,E5 ,X Y ,,
7,3645,Y ,3,2,1.8,7,E6 ,X y ,,
7,3646,Y ,5,2.2,1.8,7,E7 ,X y ,,
7,3647,N ,,,,7,E8 ,,,
7,3648,N ,,,,7,E9 ,,,
7,3649,N ,,,,7,E10 ,,,
7,3650,N ,,,,7,F1 ,,,
7,3651,Y ,3.4,1.8,1.6,7,F2 ,X Y ,,
7,3652,Y ,3.1,2,1.7,7,F3 ,X y ,,
7,3653,Y ,3.2,2,1.6,7,F4 ,X Y ,,
7,3654,Y ,4.7,3,1.4,7,F5 ,X y ,,
7,3655,Y ,2.7,1.8,1.3,7,F6 ,X Y ,Fellon table ,
7,3656,N ,,,,7,F7 ,,,
7,3657,Y ,2.7,1.9,1.9,7,F8 ,X Y ,,
7,3658,N ,,,,7,F9 ,,,
7,3659,Y ,4.1,2.2,2,7,F10 ,X y ,,
7,3660,N ,,,,7,G1 ,,,
7,3661,Y ,3.6,1.5,1.6,7,G2 ,X y ,,
7,3662,Y ,1.6,1.2,1,7,G3 ,X Y ,,
7,3663,Y ,2.9,1.8,1.4,7,G4 ,X Y ,,
7,3664,Y ,2.4,1.2,1.1,7,G5 ,X Y ,,
7,3665,Y ,3.1,1.9,1.7,7,G6 ,X y ,Fellon table ,
7,3666,N ,,,,7,G7 ,,,
7,3667,N ,,,,7,G8 ,,,
7,3668,Y ,4.1,Z.9 ,1.1,7,G9 ,X Y ,,
7,3669,N ,,,,7,G10 ,,,
7,3670,Y ,3.8,1.6,1.6,7,H1 ,X r ,,
7,3671,N ,,,,7,H2 ,,,
7,3672,N ,,,,7,H3 ,,,
7,3673,Y ,z.7 ,1.5,1,2,7,H4 ,X Y ,
7,3674,N ,,,,7,H5 ,,,
7,3675,Y ,3.3,2,1.5,7,H6 ,X Y ,,
7,3676,N ,,,,7,H7 ,,,
7,3677,Y ,3.3,1.8,2.2,7,H8 ,X Y ,,
7,3678,Y ,2,1.4,1.1,7,H9 ,X Y ,,
7,3679,Y ,5.2,2,2,7,H10 ,X Y ,,
7,3680,Y ,2.5,1.9,1.1,.: ,If ,X Y ,,
7,3681,Y ,3.8,1.7,1.8,7,12,X Y ,,
7,3682,N ,,,,7,I3 ,,,
7,3683,N ,,,,7,I4 ,,,
7,3684,N ,,,,7,15,,,
7,3685,Y ,5.7,2.6,1.5,7,16,Y ,,
7,3686,N ,,,,7,17,,,
7,3687,Y ,7.3,3,2.4,7,18,Y ,,
7,3688,N ,,,,7,I9 ,,,
7,3689,Y ,3,1.9,1.2,7,110,Y ,,
9,3690,Y ,1.5,0.5,1.2,7,J1 ,Y ,,
9,3691,Y ,0.8,0.4,0.9,7,J2 ,N ,too small ,
9,3692,Y ,1.9,0.9,1.5,7,J3 ,Y ,,
9,3693,Y ,0.8,0.3,0.7,7,J4 ,N ,too Small ,
9,3694,Y ,1,0.4,0.9,7,J5 ,Y ,,
9,3695,Y ,1.5,0.7,1.5,7,J6 ,Y ,,
9,3696,Y ,0.8,0.2,1.5,7,J7 ,Y ,,
9,3697,Y ,1,0.4,0.9,7,J8 ,N ,too small ,
9,3698,Y ,0.7,0.4,1.6,7,J9 ,Y ,,
9,3699,Y ,0.2,0.2,1.1,7,J10 ,N ,wilting hy pocoty!s ,
9,3700,Y ,0.8,0.3,0.6,8,A1 ,Y ,,
9,3701,Y ,0.8,0.6,0.5,8,A2 ,N ,too small ,
9,3702,Y ,1.3,1.3,0.3,8,A3 ,N ,too small ,
9,3703,Y ,1.2,0.4,0.8,8,A4 ,Y ,,
9,3704,Y ,1,0.4,0.9,8,A5 ,Y ,,
9,3705,Y ,1,0.4,1.9,8,A6 ,Y ,,
9,3706,Y ,1.2,0.8,0.5,8,A7 ,N ,too small ,
9,3707,Y ,0.9,0.3,1,8,A8 ,Y ,,
9,3708,Y ,0.6,0.6,0.5,8,A9 ,N ,too small ,
9,3709,Y ,0.6,0.2,0.6,8,A10 ,N ,too small ,
9,3710,Y ,1,0.4,0.7,8,B1 ,Y ,,
9,3711,Y ,0.7,0.3,0.8,8,B2 ,Y ,,
9,3712,Y ,0.8,0.5,0.8,8,B3 ,r ,,
9,3713,Y ,0.6,D-3 ,0.7,8,B4 ,N ,too Small ,
9,3714,Y ,0.5,0.5,0.4,8,B5 ,N ,too small ,
9,3715,Y ,1.8,0.7,1,8,B6 ,Y ,,
9,3716,Y ,1.1,0.2,0.8,8,B7 ,Y ,,
9,3717,Y ,1.4,0.3,1.2,8,B8 ,Y ,,
9,3718,Y ,1.3,0.6,0.8,8,B9 ,Y ,,
9,3719,Y ,1.8,0.9,0.8,8,B10 ,Y ,,
9,3720,Y ,0.5,0.2,0.6,8,C1 ,Y ,,
9,3721,Y ,1,0.5,0.7,8,C2 ,Y ,,
9,3722,Y ,1.5,0.4,1.3,8,C3 ,Y ,,
9,3723,Y ,1.6,0.5,1.3,8,C4 ,Y ,,
9,3724,Y ,0.9,p.u ,0.6,8,C5 ,r ,,
9,3725,Y ,1.7,0.8,1.1,8,C6 ,Y ,,
9,3726,Y ,1.2,0.7,0.4,8,C7 ,N ,too small ,
9,3727,Y ,1.2,0.8,0.8,8,C8 ,Y ,,
9,3728,Y ,1.2,0.6,0.6,8,C9 ,γ ,,
9,3729,Y ,D.9 ,0.5,0.7,8,C10 ,Y ,,
9,3730,Y ,1,0.7,0.6,8,D1 ,N ,too Small ,
9,3731,Y ,0.7,0.4,0.7,8,D2 ,N ,too small ,
9,3732,Y ,0.8,O.Z ,0.8,8,D3 ,Y ,,
9,3733,Y ,0.9,0.3,0.5,8,D4 ,N ,too small ,
9,3734,Y ,0.7,0.4,0.5,8,D5 ,N ,too small ,
9,3735,Y ,0.7,0.2,1,8,D6 ,Y ,,
9,3736,Y ,1,0.4,0.9,8,D7 ,Y ,,
9,3737,Y ,0-4 ,0.3,0.4,8,D8 ,N ,wilting, too small 
9,3738,Y ,1,0.5,0.6,8,D9 ,N ,for small ,
9,3739,Y ,1,0.7,0.6,8,D10 ,N ,100 small ,
9,3740,Y ,0.7,0.6,0.4,8,E1 ,,for small ,
9,3741,Y ,1,P.6 ,0.6,8,E2 ,N ,tow Small ,
9,3742,Y ,0.7,0.5,0.6,8,E3 ,Y ,,
9,3743,Y ,1,0.7,0.9,8,E4 ,N ,too small ,
9,3744,Y ,1.5,0.5,1.1,8,E5 ,Y ,,
9,3745,Y ,1.4,0.8,0-6 ,8,E6 ,Y ,,
9,3746,Y ,1,1,0.5,8,E7 ,N ,100 small ,
9,3747,Y ,1,0.5,0.4,8,E8 ,N ,too small ,
9,3748,Y ,0.8,0.5,0.6,8,E9 ,Y ,,
9,3749,Y ,0.7,0.4,0.5,8,E10 ,N ,too small ,
9,3750,Y ,1.1,0.8,0.6,8,F1 ,N ,too small ,
9,3751,Y ,0.9,0.4,0.9,8,F2 ,Y ,,
9,3752,Y ,0.7,0.4,0.6,8,F3 ,N ,too small ,
9,3753,Y ,1-Jan,0.7,0.5,8,F4 ,N ,too small ,
9,3754,Y ,0.7,0.4,0.5,8,F5 ,N ,too small ,
9,3755,Y ,1.2,1.2,0.3,8,F6 ,N ,too small ,
9,3756,Y ,1.2,1.2,0.4,8,F7 ,N ,too small ,
9,3757,Y ,1.2,0.2,1.1,8,F8 ,Y ,,
9,3758,Y ,1.2,0.5,0.5,8,F9 ,N ,Too small ,
9,3759,Y ,1.4,0.8,1.1,8,F10 ,Y ,,
9,3760,Y ,1.8,0.7,1.5,8,G1 ,Y ,,
9,3761,Y ,1.9,1.5,1.3,8,G2 ,Y ,,
9,3762,Y ,1.3,0.5,1.1,8,G3 ,Y ,,
9,3763,Y ,1.2,0.5,1,8,G4 ,Y ,,
9,3764,Y ,0.7,0.4,0.5,8,G5 ,N ,too small ,
9,3765,Y ,0.9,0.9,0.4,8,G6 ,N ,too small ,
9,3766,Y ,1,5,1.2,0.5,8,G7 ,N ,too small 
9,3767,Y ,0.7,0.5,0.7,8,G8 ,N ,too small ,
9,3768,Y ,1.5,0.9,0.5,8,G9 ,Y ,,
9,3769,Y ,1.3,0.9,0.7,8,G10 ,Y ,,
9,3770,Y ,2.8,1.5,1.3,8,H1 ,r ,,
9,3771,Y ,1.9,1.5,1.7,8,H2 ,Y ,,
9,3772,Y ,4,1.8,1.3,8,H3 ,Y ,,
9,3773,Y ,3.6,1.9,2,8,H4 ,Y ,,
9,3774,Y ,3.3,0.8,1.6,8,H5 ,Y ,,
9,3775,Y ,3.2,1.6,1.6,8,H6 ,Y ,,
9,3776,Y ,4,1.4,1.3,8,H7 ,Y ,,
9,3777,Y ,1.5,1.7,0.8,8,H8 ,Y ,,
9,3778,Y ,2.7,1,1.5,8,H9 ,Y ,,
9,3779,Y ,z.a ,1.6,1.5,8,H10 ,Y ,,
9,3780,Y ,3.8,2.2,1.3,8,11,Y ,,
9,3781,Y ,2.5,1.3,1.1,8,I2 ,Y ,,
9,3782,Y ,1,0.5,0.6,8,13,Y ,,
9,3783,Y ,2.2,1.5,0.9,8,14,Y ,,
9,3784,Y ,2.2,2.2,1.2,8,15,Y ,,
9,3785,Y ,3.5,2.1,1.3,8,16,Y ,,
9,3786,Y ,2.5,2,0.6,8,17,Y ,,
9,3787,Y ,1.5,0.8,1.2,8,18,Y ,,
10,3788,Y ,3,1,1.6,1.1,8,I9 ,y ,
10,3789,Y ,4.9,2.6,1.5,8,I10 ,y ,,
10,3790,Y ,4.1,2.1,1.1,8,J1 ,y ,,
10,3791,Y ,3.3,2,5,1,8,J2 ,Y ,
10,3792,Y ,4.2,2.3,1.1,8,J3 ,Y ,,
10,3793,Y ,2.6,2,0.9,8,J4 ,y ,,
10,3794,Y ,2.5,1.6,0.9,8,J5 ,Y ,,
10,3795,Y ,0.4,0.4,0.3,8,J6 ,N ,Too Small ,
10,3796,Y ,7,0.7,0,3,8,J7 ,N ,Too small 
10,3797,Y ,0.9,0.3,1,8,J8 ,Y ,,
10,3798,Y ,0.6,0,6,0.3,8,J9 ,N ,Too small 
10,3799,Y ,0.6,0.6,0.6,8,J10 ,y. ,Fell On table ,
10,3800,Y ,1,1,0.6,9,A1 ,y ,too small ,
10,3801,Y ,1.3,1,0.8,9,A2 ,Y ,,
10,3802,Y ,0.6,0.3,0.5,9,A3 ,N ,too small ,
10,3803,Y ,1.3,1,0.4,9,A4 ,2,too small ,
10,3804,Y ,1,0.8,0.6,9,A5 ,N ,too small ,
10,3805,Y ,1.2,1,0.8,9,A6 ,Y ,,
10,3806,Y ,1.5,1,0.6,9,A7 ,Y ,,
10,3807,Y ,0.6,0.6,0.4,9,A8 ,N ,too small ,
10,3808,Y ,2,1,0.8,9,A9 ,Y ,,
10,3809,Y ,1.2,0,6,0.7,9,A10 ,Y ,
10,3810,Y ,1.2,1,0.4,9,B1 ,N ,too Small ,
10,3811,Y ,1.5,0.9,1,9,B2 ,Y ,,
10,3812,Y ,0.8,0.2,0,9,B3 ,Y ,,
10,3813,Y ,0.8,0.7,0.3,9,B4 ,N ,too small ,
10,3814,Y ,1.3,0.9,0.6,9,B5 ,N ,too small ,
10,3815,Y ,NA ,NA ,NA ,9,B6 ,N ,NO plant ,
10,3816,Y ,1.3,0.9,0.6,9,B7 ,N ,too Small ,
10,3817,Y ,1.3,1.1,0.5,9,38,N ,too small ,
10,3818,Y ,1.2,0.9,0.5,9,B9 ,Y ,,
10,3819,Y ,1.6,1.4,0.6,9,B10 ,N ,too small ,
10,3820,Y ,1.8,1.6,0.5,9,C1 ,Y ,,
10,3821,Y ,0.8,0.5,0.4,9,C2 ,Y ,,
10,3822,Y ,1.4,0.3,1.1,9,C3 ,Y ,,
10,3823,Y ,1,0.5,0.8,9,C4 ,Y ,,
10,3824,Y ,1,0.4,0.6,9,C5 ,Y ,,
10,3825,Y ,0.3,0.3,0.2,9,C6 ,N ,too Small ,
10,3826,Y ,0.7,0.4,0.4,9,C7 ,Y ,,
10,3827,Y ,1.3,0.6,0.6,9,C8 ,Y ,,
10,3828,Y ,0.8,0.3,0.7,9,C9 ,Y ,,
10,3829,Y ,1.2,0.6,0.5,9,C10 ,Y ,,
10,3830,Y ,2,1,0.7,9,D1 ,Y ,,
10,3831,Y ,2.2,1.8,0.5,9,D2 ,Y ,,
10,3832,Y ,1.9,1.5,0.6,9,D3 ,Y ,,
10,3833,Y ,1,0,0.8,0.5,9,D4 ,N ,too small 
10,3834,Y ,0.5,0.3,0.3,9,D5 ,2,too Small ,
10,3835,Y ,1,0.9,0.4,9,D6 ,N ,too small ,
10,3836,Y ,0.7,0.3,0.6,9,D7 ,Y ,,
10,3837,Y ,1.7,1.5,0.7,9,D8 ,Y ,,
10,3838,Y ,2,1.4,0.6,9,D9 ,Y ,,
10,3839,Y ,1,0.8,0.2,0,D10 ,N ,too small ,
10,3840,Y ,0.3,0.1,0.3,9,E1 ,N ,too small ,
10,3841,Y ,1.5,0.6,1.2,9,E2 ,Y ,,
10,3842,Y ,1.2,0.8,0.8,9,E3 ,Y ,,
10,3843,Y ,0.5,0.2,0.6,9,E4 ,Y ,,
10,3844,Y ,1.3,0.8,0.5,9,E5 ,Y ,,
10,3845,Y ,0.8,0.4,0.5,9,E6 ,Y ,,
10,3846,Y ,0.5,0.2,0.6,9,E7 ,N ,too small ,
10,3847,Y ,1,0.7,0.7,9,E8 ,Y ,,
10,3848,Y ,0,0.6,0.6,9,E9 ,Y ,,
10,3849,Y ,0.8,0.2,1.3,9,E10 ,Y ,,
10,3850,Y ,0.7,0.4,0.5,9,F1 ,Y ,,
10,3851,Y ,1,0.5,0.5,9,F2 ,Y ,,
10,3852,Y ,0.3,0.1,1,9,F3 ,N ,hyp wilted ,
10,3853,Y ,0.6,0.2,0.6,9,F4 ,Y ,,
10,3854,Y ,1,0.5,0.6,9,F5 ,Y ,,
10,3855,Y ,1,0.5,0.6,9,F6 ,N ,hyp willed ,
10,3856,Y ,1,0.7,0.7,$ ,F7 ,N ,too Small ,
10,3857,Y ,1.8,1,1.8,9,F8 ,Y ,,
10,3858,Y ,1,0.5,0.9,9,F9 ,Y ,,
10,3859,Y ,1.5,0,5,1.3,9,F10 ,Y ,
10,3860,Y ,1.4,0.4,1.5,9,G1 ,Y ,,
10,3861,Y ,1,0.2,0.7,9,G2 ,Y ,,
10,3862,Y ,1.5,1,1.3,9,G3 ,Y ,,
10,3863,Y ,2,0.8,1.3,9,G4 ,Y ,,
10,3864,Y ,1,0.7,0.6,9,G5 ,Y ,,
10,3865,Y ,1.3,1.1,0.5,9,G6 ,N. ,too small ,
10,3866,Y ,1.7,0.8,0.9,$ ,G7 ,Y ,,
10,3867,Y ,1,0.7,1,9,C8 ,N ,hyp willed ,
10,3868,Y ,1.6,1.4,0.5,9,G9 ,2,too Small ,
10,3869,Y ,2.3,1,1.2,9,G10 ,Y ,,
10,3870,Y ,2,0.5,1.3,9,H1 ,Y ,,
10,3871,Y ,1.6,1.3,1,9,H2 ,Y ,,
10,3872,Y ,1.3,0.6,0.8,9,H3 ,N ,too small ,
10,3873,Y ,1,O.B ,0.7,9,H4 ,Y ,,
10,3874,Y ,0.6,0.4,0.4,8,H5 ,N ,too small ,
10,3875,Y ,1.3,0.3,1.3,9,H6 ,Y ,,
10,3876,Y ,1.3,0.2,1,9,H7 ,Y ,,
10,3877,Y ,1.3,0.8,1.1,9,H8 ,Y ,,
10,3878,Y ,1,0.5,0.6,9,H9 ,Y ,,
10,3879,Y ,0.9,0.3,0.7,9,H10 ,Y ,,
10,3880,Y ,1.7,1,0.8,9,H ,Y ,,
10,3881,Y ,0.1,0.1,0.2,9,12,N ,too Small ,
10,3882,Y ,1.1,0.5,0,9,9,13,Y ,
10,3883,Y ,1.8,1.3,0.8,9,14,Y ,,
10,3884,Y ,1.5,1,0.7,9,15,Y ,,
10,3885,Y ,0.6,0.5,0.6,9,16,N ,too small ,
11,3886,Y ,0.7,0.3,0.5,9,!7 ,N ,too small ,
11,3887,Y ,1.9,6.7,1.5,9,18,Y ,,
11,3888,Y ,1.2,0.6,1.1,9,I9 ,Y ,,
11,3889,Y ,0.4,0.3,0.3,9,I10 ,2,too small ,
11,3890,Y ,1,0.5,0.5,9,J1 ,Y ,,
11,3891,Y ,1.3,0.7,0.5,9,J2 ,Y ,,
11,3892,Y ,0.3,0.3,0.2,9,J3 ,N ,too small ,
11,3893,Y ,0.7,0.7,0.2,9,J4 ,N ,+00 small ,
11,3894,Y ,1.2,1,0.5,9,J5 ,Y ,,
11,3895,Y ,0.9,0.5,0.6,9,J6 ,Y ,,
11,3896,Y ,1.2,0.9,1.6,9,J7 ,Y ,,
11,3897,Y ,1.8,0.4,0.9,9,J8 ,Y ,,
11,3898,Y ,0.7,0.4,0.4,9,J9 ,Y ,,
11,3899,Y ,1.5,1,1.1,9,J10 ,Y ,,
11,3900,Y ,1.4,0.2,11,10,A1 ,Y ,,
11,3901,Y ,0.8,0.1,0.5,10,A2 ,y ,,
11,3902,Y ,1.2,0.6,0.7,10,A3 ,Y ,,
11,3903,Y ,1.1,0.5,0.7,10,A4 ,Y ,,
11,3904,Y ,2.3,12,1.1,10,A5 ,Y ,,
11,3905,Y ,1.1,0.7,0.6,10,A6 ,Y ,,
11,3906,Y ,1.7,0.9,1,10,A7 ,Y ,,
11,3907,Y ,1.7,1,1.1,10,A8 ,Y ,,
11,3908,Y ,1.8,1.3,0.8,10,A9 ,Y ,,
11,3909,Y ,1,0.1,1.3,10,A10 ,Y ,,
11,3910,Y ,2.2,0.7,1.6,10,B1 ,Y ,,
11,3911,Y ,1.6,0.4,1.4,10,B2 ,Y ,,
11,3912,Y ,1.5,0.9,0.9,10,B3 ,Y ,,
11,3913,Y ,1.9,1,1.3,10,B4 ,Y ,,
11,3914,Y ,1.7,1,1.2,10,B5 ,Y ,,
11,3915,Y ,1.5,0.5,0.8,10,B6 ,Y ,,
11,3916,Y ,1.4,0.7,1.6,10,B7 ,Y ,,
11,3917,Y ,1.6,0.9,0.6,10,B8 ,y ,,
11,3918,Y ,2,1.4,1.4,10,B9 ,Y ,,
11,3919,Y ,1.2,0.9,1,10,B10 ,Y ,,
11,3920,Y ,NA ,EL ,NA ,10,C1 ,NA ,No plant, think It was 14 
11,3921,Y ,2,0.9,1,10,C2 ,Y ,,
11,3922,Y ,1.1,0.1,1.3,10,C3 ,y ,,
11,3923,Y ,2.6,1.3,0.9,10,C4 ,Y ,,
11,3924,Y ,2.6,1.5,1.5,10,C5 ,Y ,,
11,3925,Y ,1.7,0.6,1.4,10,C6 ,Y ,,
11,3926,Y ,2.8,1.7,1.3,10,C7 ,Y ,,
11,3927,Y ,2,0.8,1.2,10,C8 ,Y ,,
11,3928,Y ,3.1,1.4,1.7,10,C9 ,Y ,,
11,3929,Y ,1.8,0.5,1.3,10,C10 ,Y ,,
11,3930,Y ,2,1,1.3,10,D1 ,Y ,,
11,3931,Y ,1.8,0.5,1.3,10,D2 ,Y ,,
11,3932,Y ,1,0.2,1.1,10,D3 ,Y ,,
11,3933,Y ,0.3,0.2,0.3,10,D4 ,2,too small to collect DNA ,
11,3934,Y ,1.3,0.8,0.8,10,D5 ,Y ,,
11,3935,Y ,1.5,0.9,0.7,10,D6 ,Y ,,
11,3936,Y ,1.1,0.2,1.4,10,D7 ,Y ,,
11,3937,Y ,1.8,1.2,0.9,10,D8 ,Y ,,
11,3938,Y ,22,0.1,1.1,10,D9 ,Y ,,
11,3939,Y ,2,1.3,1,10,D10 ,Y ,,
11,3940,Y ,1,6,0.8,0.7,10,E1 ,Y ,
11,3941,Y ,1.3,0.4,0.6,10,E2 ,Y ,,
11,3942,Y ,1.8,1.2,0.3,10,E3 ,N ,Too small ,
11,3943,Y ,1.7,0,7,0.5,10,E4 ,Y ,
11,3944,Y ,2.4,1.1,1.3,10,E5 ,Y ,,
11,3945,Y ,1.9,0.9,1.1,10,E6 ,Y ,,
11,3946,y ,1.8,0.9,0.7,10,E7 ,Y ,,
11,3947,Y ,1.6,0.7,1.3,10,E8 ,7,,
11,3948,Y ,2,0.9,0.7,10,E9 ,Y ,,
11,3949,Y ,1.2,0.2,0.9,10,E10 ,Y ,,
11,3950,Y ,1.9,0.5,0.7,10,F1 ,Y ,,
11,3951,Y ,2.8,1.4,1.5,10,F2 ,Y ,,
11,3952,Y ,2.7,1,1.3,10,F3 ,y ,,